customers,zip,branchName
258,79705,"Midland - TX"
210,14221,"Buffalo - NY"
178,79707,"Midland - TX"
175,79424,"Lubbock - TX"
159,79706,"Midland - TX"
147,14086,"Orchard Park - NY"
137,79423,"Lubbock - TX"
136,14094,"Buffalo - NY"
130,14450,"Rochester - NY"
124,79762,"Midland - TX"
122,79701,"Midland - TX"
122,17050,"Harrisburg - PA"
119,79765,"Midland - TX"
115,17055,"Harrisburg - PA"
110,14580,"Rochester - NY"
109,40515,"Lexington - KY"
107,06880,"Oxford - CT"
105,14534,"Rochester - NY"
103,06824,"Oxford - CT"
101,78414,"Corpus Christi - TX"
100,23464,"Virginia Beach - VA"
100,40324,"Lexington - KY"
99,14127,"Orchard Park - NY"
98,60137,"Chicago South - IL"
97,14224,"Orchard Park - NY"
94,14051,"Buffalo - NY"
92,06611,"Oxford - CT"
91,79763,"Midland - TX"
90,13027,"Syracuse - NY"
89,40509,"Lexington - KY"
88,40356,"Lexington - KY"
86,23320,"Virginia Beach - VA"
86,40503,"Lexington - KY"
84,14609,"Rochester - NY"
84,40502,"Lexington - KY"
82,40475,"Lexington - KY"
81,79416,"Lubbock - TX"
80,78577,"McAllen - TX"
80,14226,"Buffalo - NY"
79,17011,"Harrisburg - PA"
78,23322,"Virginia Beach - VA"
78,14150,"Buffalo - NY"
77,79764,"Midland - TX"
76,06488,"Oxford - CT"
76,17112,"Harrisburg - PA"
75,78504,"McAllen - TX"
75,11706,"Long Island - NY"
73,23456,"Virginia Beach - VA"
73,14624,"Rochester - NY"
72,40391,"Lexington - KY"
71,14075,"Orchard Park - NY"
71,79761,"Midland - TX"
70,01886,"Boston North Shore - MA"
68,14120,"Buffalo - NY"
66,06830,"Oxford - CT"
65,06614,"Oxford - CT"
65,78413,"Corpus Christi - TX"
64,13090,"Syracuse - NY"
64,06478,"Oxford - CT"
64,11746,"Long Island - NY"
63,40511,"Lexington - KY"
62,78572,"McAllen - TX"
61,17110,"Harrisburg - PA"
61,78410,"Corpus Christi - TX"
60,14526,"Rochester - NY"
60,16046,"Pittsburgh - PA"
60,06470,"Oxford - CT"
60,06484,"Oxford - CT"
60,79407,"Lubbock - TX"
60,79413,"Lubbock - TX"
59,06902,"Oxford - CT"
59,78501,"McAllen - TX"
59,40517,"Lexington - KY"
58,23435,"Newport News - VA"
58,17111,"Harrisburg - PA"
58,60148,"Chicago South - IL"
57,78415,"Corpus Christi - TX"
57,60031,"Chicago North - IL"
56,23454,"Virginia Beach - VA"
56,02895,"Providence - RI"
56,14215,"Orchard Park - NY"
55,23323,"Virginia Beach - VA"
55,23452,"Virginia Beach - VA"
55,02889,"Providence - RI"
55,06410,"Hartford - CT"
55,17019,"Harrisburg - PA"
54,02816,"Providence - RI"
54,06831,"Oxford - CT"
54,79382,"Lubbock - TX"
54,06037,"Hartford - CT"
54,14304,"Buffalo - NY"
53,06903,"Oxford - CT"
53,06820,"Oxford - CT"
53,14225,"Orchard Park - NY"
53,14043,"Orchard Park - NY"
53,23434,"Newport News - VA"
53,79703,"Midland - TX"
52,06460,"Oxford - CT"
52,06877,"Oxford - CT"
52,60010,"Chicago North - IL"
52,14031,"Buffalo - NY"
52,01720,"Boston North Shore - MA"
51,06851,"Oxford - CT"
50,23462,"Virginia Beach - VA"
50,02886,"Providence - RI"
50,06468,"Oxford - CT"
50,08540,"New Jersey Central - NJ"
50,17078,"Harrisburg - PA"
50,14032,"Buffalo - NY"
49,10512,"Westchester - NY"
49,06483,"Oxford - CT"
49,14072,"Orchard Park - NY"
49,78542,"McAllen - TX"
48,15044,"Pittsburgh - PA"
48,17331,"Harrisburg - PA"
47,14618,"Rochester - NY"
47,02864,"Providence - RI"
47,06033,"Hartford - CT"
47,06010,"Hartford - CT"
46,15143,"Pittsburgh - PA"
46,78418,"Corpus Christi - TX"
46,14223,"Buffalo - NY"
46,61761,"Bloomington - IL"
45,06840,"Oxford - CT"
45,06511,"Oxford - CT"
45,23321,"Newport News - VA"
45,03103,"Manchester - NH"
45,40505,"Lexington - KY"
45,14228,"Buffalo - NY"
45,70726,"Baton Rouge - LA"
45,70810,"Baton Rouge - LA"
44,16066,"Pittsburgh - PA"
44,06482,"Oxford - CT"
44,06489,"Hartford - CT"
44,17601,"Harrisburg - PA"
44,60189,"Chicago South - IL"
43,13104,"Syracuse - NY"
43,06897,"Oxford - CT"
43,06825,"Oxford - CT"
43,78539,"McAllen - TX"
43,17202,"Harrisburg - PA"
42,02920,"Providence - RI"
42,02893,"Providence - RI"
42,15108,"Pittsburgh - PA"
42,06770,"Oxford - CT"
42,06473,"Hartford - CT"
42,01824,"Boston North Shore - MA"
42,70769,"Baton Rouge - LA"
41,02852,"Providence - RI"
41,06905,"Oxford - CT"
41,06516,"Oxford - CT"
41,23608,"Newport News - VA"
41,78589,"McAllen - TX"
41,06457,"Hartford - CT"
41,17013,"Harrisburg - PA"
41,60030,"Chicago North - IL"
40,14606,"Rochester - NY"
40,02910,"Providence - RI"
40,02860,"Providence - RI"
40,14052,"Orchard Park - NY"
40,14214,"Orchard Park - NY"
40,14227,"Orchard Park - NY"
40,23666,"Newport News - VA"
40,17015,"Harrisburg - PA"
40,01460,"Boston North Shore - MA"
39,14617,"Rochester - NY"
39,02919,"Providence - RI"
39,15090,"Pittsburgh - PA"
39,06850,"Oxford - CT"
39,40504,"Lexington - KY"
39,17057,"Harrisburg - PA"
39,17036,"Harrisburg - PA"
39,17025,"Harrisburg - PA"
38,02818,"Providence - RI"
38,02888,"Providence - RI"
38,70448,"Northshore - LA"
38,08550,"New Jersey Central - NJ"
38,78541,"McAllen - TX"
38,78412,"Corpus Christi - TX"
38,78411,"Corpus Christi - TX"
38,70808,"Baton Rouge - LA"
37,14626,"Rochester - NY"
37,14612,"Rochester - NY"
37,06776,"Oxford - CT"
37,03104,"Manchester - NH"
37,40513,"Lexington - KY"
37,06074,"Hartford - CT"
37,17325,"Harrisburg - PA"
37,17402,"Harrisburg - PA"
37,60188,"Chicago South - IL"
37,60564,"Chicago South - IL"
37,01742,"Boston North Shore - MA"
36,02703,"Providence - RI"
36,70592,"Lafayette - LA"
36,17603,"Harrisburg - PA"
36,78374,"Corpus Christi - TX"
36,70816,"Baton Rouge - LA"
35,23455,"Virginia Beach - VA"
35,02360,"Providence - RI"
35,15237,"Pittsburgh - PA"
35,14213,"Orchard Park - NY"
35,14004,"Orchard Park - NY"
35,23669,"Newport News - VA"
35,60048,"Chicago North - IL"
35,70737,"Baton Rouge - LA"
34,13126,"Syracuse - NY"
34,14519,"Rochester - NY"
34,06477,"Oxford - CT"
34,06854,"Oxford - CT"
34,70454,"Northshore - LA"
34,23701,"Newport News - VA"
34,70508,"Lafayette - LA"
34,06053,"Hartford - CT"
34,06492,"Hartford - CT"
34,17109,"Harrisburg - PA"
34,17070,"Harrisburg - PA"
34,60103,"Chicago South - IL"
34,60073,"Chicago North - IL"
34,61704,"Bloomington - IL"
33,10509,"Westchester - NY"
33,13212,"Syracuse - NY"
33,14619,"Rochester - NY"
33,14621,"Rochester - NY"
33,06461,"Oxford - CT"
33,03038,"Manchester - NH"
33,40383,"Lexington - KY"
33,06512,"Hartford - CT"
33,17602,"Harrisburg - PA"
33,17403,"Harrisburg - PA"
33,60540,"Chicago South - IL"
32,02904,"Providence - RI"
32,02908,"Providence - RI"
32,06811,"Oxford - CT"
32,06606,"Oxford - CT"
32,14220,"Orchard Park - NY"
32,23703,"Newport News - VA"
32,78574,"McAllen - TX"
32,03053,"Manchester - NH"
32,40601,"Lexington - KY"
32,40514,"Lexington - KY"
32,17042,"Harrisburg - PA"
32,01915,"Boston North Shore - MA"
31,02891,"Providence - RI"
31,02921,"Providence - RI"
31,06812,"Oxford - CT"
31,06883,"Oxford - CT"
31,06801,"Oxford - CT"
31,06878,"Oxford - CT"
31,78596,"McAllen - TX"
31,78526,"McAllen - TX"
31,11743,"Long Island - NY"
31,06082,"Hartford - CT"
31,17406,"Harrisburg - PA"
31,01453,"Boston North Shore - MA"
30,14620,"Rochester - NY"
30,02882,"Providence - RI"
30,06810,"Oxford - CT"
30,14216,"Orchard Park - NY"
30,70461,"Northshore - LA"
30,03110,"Manchester - NH"
30,11704,"Long Island - NY"
30,11717,"Long Island - NY"
30,06360,"Hartford - CT"
30,06040,"Hartford - CT"
30,06437,"Hartford - CT"
30,06405,"Hartford - CT"
30,17022,"Harrisburg - PA"
30,17404,"Harrisburg - PA"
30,60126,"Chicago South - IL"
30,60187,"Chicago South - IL"
30,60046,"Chicago North - IL"
30,12203,"Albany - NY"
30,12065,"Albany - NY"
29,12603,"Westchester - NY"
29,23324,"Virginia Beach - VA"
29,14623,"Rochester - NY"
29,14564,"Rochester - NY"
29,14222,"Orchard Park - NY"
29,78516,"McAllen - TX"
29,06111,"Hartford - CT"
29,17046,"Harrisburg - PA"
29,17408,"Harrisburg - PA"
29,60085,"Chicago North - IL"
28,10960,"Westchester - NY"
28,23453,"Virginia Beach - VA"
28,02909,"Providence - RI"
28,06514,"Oxford - CT"
28,03102,"Manchester - NH"
28,06095,"Hartford - CT"
28,17315,"Harrisburg - PA"
28,60047,"Chicago North - IL"
28,12205,"Albany - NY"
28,12866,"Albany - NY"
27,13088,"Syracuse - NY"
27,14502,"Rochester - NY"
27,15317,"Pittsburgh - PA"
27,15235,"Pittsburgh - PA"
27,06798,"Oxford - CT"
27,06870,"Oxford - CT"
27,70433,"Northshore - LA"
27,70447,"Northshore - LA"
27,23602,"Newport News - VA"
27,08844,"New Jersey Central - NJ"
27,11795,"Long Island - NY"
27,11772,"Long Island - NY"
27,40508,"Lexington - KY"
27,06109,"Hartford - CT"
27,17543,"Harrisburg - PA"
27,78404,"Corpus Christi - TX"
27,14217,"Buffalo - NY"
27,01821,"Boston North Shore - MA"
27,70815,"Baton Rouge - LA"
26,10956,"Westchester - NY"
26,13069,"Syracuse - NY"
26,13066,"Syracuse - NY"
26,02861,"Providence - RI"
26,02879,"Providence - RI"
26,14208,"Orchard Park - NY"
26,14218,"Orchard Park - NY"
26,79766,"Midland - TX"
26,78552,"McAllen - TX"
26,06002,"Hartford - CT"
26,17319,"Harrisburg - PA"
26,60517,"Chicago South - IL"
26,60510,"Chicago South - IL"
26,60565,"Chicago South - IL"
26,60051,"Chicago North - IL"
26,60060,"Chicago North - IL"
26,14305,"Buffalo - NY"
26,12020,"Albany - NY"
25,12590,"Westchester - NY"
25,14586,"Rochester - NY"
25,02813,"Providence - RI"
25,06518,"Oxford - CT"
25,14059,"Orchard Park - NY"
25,08046,"New Jersey Central - NJ"
25,79403,"Lubbock - TX"
25,11937,"Long Island - NY"
25,06704,"Hartford - CT"
25,06443,"Hartford - CT"
25,06790,"Hartford - CT"
25,76092,"Dallas Fort Worth Northwest - TX"
25,78380,"Corpus Christi - TX"
25,60532,"Chicago South - IL"
25,70791,"Baton Rouge - LA"
25,12180,"Albany - NY"
24,13036,"Syracuse - NY"
24,14559,"Rochester - NY"
24,02301,"Providence - RI"
24,02878,"Providence - RI"
24,02780,"Providence - RI"
24,02911,"Providence - RI"
24,15001,"Pittsburgh - PA"
24,15101,"Pittsburgh - PA"
24,14211,"Orchard Park - NY"
24,23601,"Newport News - VA"
24,78520,"McAllen - TX"
24,03109,"Manchester - NH"
24,70506,"Lafayette - LA"
24,70520,"Lafayette - LA"
24,06051,"Hartford - CT"
24,60108,"Chicago South - IL"
24,60099,"Chicago North - IL"
24,14092,"Buffalo - NY"
24,01801,"Boston North Shore - MA"
23,14610,"Rochester - NY"
23,34787,"Orlando West - FL"
23,14206,"Orchard Park - NY"
23,03054,"Manchester - NH"
23,11779,"Long Island - NY"
23,11787,"Long Island - NY"
23,11729,"Long Island - NY"
23,11741,"Long Island - NY"
23,06450,"Hartford - CT"
23,06340,"Hartford - CT"
23,17545,"Harrisburg - PA"
23,60175,"Chicago South - IL"
23,60102,"Chicago North - IL"
23,14174,"Buffalo - NY"
23,01876,"Boston North Shore - MA"
22,12550,"Westchester - NY"
22,13219,"Syracuse - NY"
22,13032,"Syracuse - NY"
22,13021,"Syracuse - NY"
22,14613,"Rochester - NY"
22,14467,"Rochester - NY"
22,14616,"Rochester - NY"
22,02806,"Providence - RI"
22,02906,"Providence - RI"
22,06605,"Oxford - CT"
22,06896,"Oxford - CT"
22,14207,"Orchard Park - NY"
22,70403,"Northshore - LA"
22,23692,"Newport News - VA"
22,79410,"Lubbock - TX"
22,11758,"Long Island - NY"
22,11763,"Long Island - NY"
22,40361,"Lexington - KY"
22,06118,"Hartford - CT"
22,06108,"Hartford - CT"
22,06415,"Hartford - CT"
22,60083,"Chicago North - IL"
22,01432,"Boston North Shore - MA"
22,61705,"Bloomington - IL"
22,12054,"Albany - NY"
22,12309,"Albany - NY"
21,12533,"Westchester - NY"
21,10901,"Westchester - NY"
21,13031,"Syracuse - NY"
21,13208,"Syracuse - NY"
21,13078,"Syracuse - NY"
21,02136,"Providence - RI"
21,02905,"Providence - RI"
21,02822,"Providence - RI"
21,06418,"Oxford - CT"
21,06515,"Oxford - CT"
21,06612,"Oxford - CT"
21,06762,"Oxford - CT"
21,70435,"Northshore - LA"
21,70458,"Northshore - LA"
21,23185,"Newport News - VA"
21,08822,"New Jersey Central - NJ"
21,79414,"Lubbock - TX"
21,11722,"Long Island - NY"
21,06708,"Hartford - CT"
21,06107,"Hartford - CT"
21,06117,"Hartford - CT"
21,17268,"Harrisburg - PA"
21,20147,"DC West - DC"
21,60423,"Chicago South - IL"
21,60134,"Chicago South - IL"
21,14108,"Buffalo - NY"
21,02151,"Boston North Shore - MA"
21,01960,"Boston North Shore - MA"
21,02155,"Boston North Shore - MA"
21,70817,"Baton Rouge - LA"
20,10583,"Westchester - NY"
20,13039,"Syracuse - NY"
20,14428,"Rochester - NY"
20,15214,"Pittsburgh - PA"
20,15136,"Pittsburgh - PA"
20,06890,"Oxford - CT"
20,70471,"Northshore - LA"
20,08060,"New Jersey Central - NJ"
20,78537,"McAllen - TX"
20,79363,"Lubbock - TX"
20,11967,"Long Island - NY"
20,70583,"Lafayette - LA"
20,70501,"Lafayette - LA"
20,70507,"Lafayette - LA"
20,06001,"Hartford - CT"
20,20164,"DC West - DC"
20,20165,"DC West - DC"
20,60124,"Chicago South - IL"
20,60516,"Chicago South - IL"
20,60440,"Chicago South - IL"
20,60101,"Chicago South - IL"
20,60193,"Chicago South - IL"
20,60142,"Chicago North - IL"
20,60016,"Chicago North - IL"
20,60035,"Chicago North - IL"
20,60050,"Chicago North - IL"
20,14001,"Buffalo - NY"
20,14132,"Buffalo - NY"
20,01923,"Boston North Shore - MA"
20,70806,"Baton Rouge - LA"
19,12563,"Westchester - NY"
19,10954,"Westchester - NY"
19,10541,"Westchester - NY"
19,23513,"Virginia Beach - VA"
19,23451,"Virginia Beach - VA"
19,23518,"Virginia Beach - VA"
19,13215,"Syracuse - NY"
19,13057,"Syracuse - NY"
19,02907,"Providence - RI"
19,02302,"Providence - RI"
19,02026,"Providence - RI"
19,02131,"Providence - RI"
19,02865,"Providence - RI"
19,02871,"Providence - RI"
19,06615,"Oxford - CT"
19,14210,"Orchard Park - NY"
19,23704,"Newport News - VA"
19,79412,"Lubbock - TX"
19,11727,"Long Island - NY"
19,11751,"Long Island - NY"
19,11768,"Long Island - NY"
19,11572,"Long Island - NY"
19,70503,"Lafayette - LA"
19,06032,"Hartford - CT"
19,06013,"Hartford - CT"
19,06066,"Hartford - CT"
19,17113,"Harrisburg - PA"
19,22015,"DC West - DC"
19,60502,"Chicago South - IL"
19,60543,"Chicago South - IL"
19,60004,"Chicago North - IL"
19,01420,"Boston North Shore - MA"
19,70814,"Baton Rouge - LA"
19,12303,"Albany - NY"
18,13152,"Syracuse - NY"
18,14468,"Rochester - NY"
18,14425,"Rochester - NY"
18,02021,"Providence - RI"
18,02842,"Providence - RI"
18,02359,"Providence - RI"
18,02368,"Providence - RI"
18,15116,"Pittsburgh - PA"
18,06853,"Oxford - CT"
18,06525,"Oxford - CT"
18,23430,"Newport News - VA"
18,23607,"Newport News - VA"
18,23693,"Newport News - VA"
18,79411,"Lubbock - TX"
18,79415,"Lubbock - TX"
18,11798,"Long Island - NY"
18,06451,"Hartford - CT"
18,06067,"Hartford - CT"
18,17257,"Harrisburg - PA"
18,17356,"Harrisburg - PA"
18,60441,"Chicago South - IL"
18,60560,"Chicago South - IL"
18,60084,"Chicago North - IL"
18,01451,"Boston North Shore - MA"
18,01730,"Boston North Shore - MA"
18,70820,"Baton Rouge - LA"
17,10605,"Westchester - NY"
17,10580,"Westchester - NY"
17,13041,"Syracuse - NY"
17,13210,"Syracuse - NY"
17,13205,"Syracuse - NY"
17,14420,"Rochester - NY"
17,14625,"Rochester - NY"
17,14445,"Rochester - NY"
17,14611,"Rochester - NY"
17,02917,"Providence - RI"
17,02840,"Providence - RI"
17,02915,"Providence - RI"
17,15220,"Pittsburgh - PA"
17,15003,"Pittsburgh - PA"
17,15102,"Pittsburgh - PA"
17,06804,"Oxford - CT"
17,06610,"Oxford - CT"
17,06517,"Oxford - CT"
17,14201,"Orchard Park - NY"
17,23606,"Newport News - VA"
17,23664,"Newport News - VA"
17,23188,"Newport News - VA"
17,23707,"Newport News - VA"
17,08807,"New Jersey Central - NJ"
17,08873,"New Jersey Central - NJ"
17,78503,"McAllen - TX"
17,78573,"McAllen - TX"
17,03051,"Manchester - NH"
17,11725,"Long Island - NY"
17,11788,"Long Island - NY"
17,11738,"Long Island - NY"
17,11702,"Long Island - NY"
17,40330,"Lexington - KY"
17,40390,"Lexington - KY"
17,06413,"Hartford - CT"
17,06042,"Hartford - CT"
17,06385,"Hartford - CT"
17,17349,"Harrisburg - PA"
17,60439,"Chicago South - IL"
17,60506,"Chicago South - IL"
17,60174,"Chicago South - IL"
17,60190,"Chicago South - IL"
17,60156,"Chicago North - IL"
17,12010,"Albany - NY"
16,10567,"Westchester - NY"
16,10598,"Westchester - NY"
16,23503,"Virginia Beach - VA"
16,23325,"Virginia Beach - VA"
16,13209,"Syracuse - NY"
16,13224,"Syracuse - NY"
16,14568,"Rochester - NY"
16,02072,"Providence - RI"
16,02760,"Providence - RI"
16,02809,"Providence - RI"
16,01760,"Providence - RI"
16,01757,"Providence - RI"
16,15229,"Pittsburgh - PA"
16,06401,"Oxford - CT"
16,06906,"Oxford - CT"
16,23661,"Newport News - VA"
16,23851,"Newport News - VA"
16,78521,"McAllen - TX"
16,03045,"Manchester - NH"
16,11801,"Long Island - NY"
16,11735,"Long Island - NY"
16,11784,"Long Island - NY"
16,11720,"Long Island - NY"
16,17003,"Harrisburg - PA"
16,17053,"Harrisburg - PA"
16,17552,"Harrisburg - PA"
16,17320,"Harrisburg - PA"
16,17033,"Harrisburg - PA"
16,17225,"Harrisburg - PA"
16,60477,"Chicago South - IL"
16,60007,"Chicago South - IL"
16,60068,"Chicago North - IL"
16,60118,"Chicago North - IL"
16,60014,"Chicago North - IL"
16,60076,"Chicago North - IL"
16,01887,"Boston North Shore - MA"
16,02180,"Boston North Shore - MA"
16,02472,"Boston North Shore - MA"
16,61701,"Bloomington - IL"
16,12302,"Albany - NY"
16,12019,"Albany - NY"
15,12601,"Westchester - NY"
15,10536,"Westchester - NY"
15,23502,"Virginia Beach - VA"
15,13206,"Syracuse - NY"
15,13037,"Syracuse - NY"
15,14472,"Rochester - NY"
15,14622,"Rochester - NY"
15,14607,"Rochester - NY"
15,14424,"Rochester - NY"
15,14615,"Rochester - NY"
15,02571,"Providence - RI"
15,01569,"Providence - RI"
15,15205,"Pittsburgh - PA"
15,15668,"Pittsburgh - PA"
15,15146,"Pittsburgh - PA"
15,15005,"Pittsburgh - PA"
15,15209,"Pittsburgh - PA"
15,15228,"Pittsburgh - PA"
15,06403,"Oxford - CT"
15,34711,"Orlando West - FL"
15,34786,"Orlando West - FL"
15,08054,"New Jersey Central - NJ"
15,78599,"McAllen - TX"
15,03060,"Manchester - NH"
15,03079,"Manchester - NH"
15,03820,"Manchester - NH"
15,11803,"Long Island - NY"
15,11731,"Long Island - NY"
15,11791,"Long Island - NY"
15,11520,"Long Island - NY"
15,70529,"Lafayette - LA"
15,70518,"Lafayette - LA"
15,06705,"Hartford - CT"
15,21740,"Harrisburg - PA"
15,17370,"Harrisburg - PA"
15,17104,"Harrisburg - PA"
15,17522,"Harrisburg - PA"
15,17222,"Harrisburg - PA"
15,76248,"Dallas Fort Worth Northwest - TX"
15,76034,"Dallas Fort Worth Northwest - TX"
15,75028,"Dallas Fort Worth Northwest - TX"
15,78416,"Corpus Christi - TX"
15,60120,"Chicago South - IL"
15,60185,"Chicago South - IL"
15,60443,"Chicago South - IL"
15,60515,"Chicago South - IL"
15,60062,"Chicago North - IL"
15,60081,"Chicago North - IL"
15,60089,"Chicago North - IL"
15,60025,"Chicago North - IL"
15,01775,"Boston North Shore - MA"
15,01754,"Boston North Shore - MA"
15,01844,"Boston North Shore - MA"
15,01826,"Boston North Shore - MA"
15,01970,"Boston North Shore - MA"
15,70785,"Baton Rouge - LA"
15,12144,"Albany - NY"
14,10579,"Westchester - NY"
14,10977,"Westchester - NY"
14,02771,"Providence - RI"
14,02346,"Providence - RI"
14,02062,"Providence - RI"
14,02817,"Providence - RI"
14,16059,"Pittsburgh - PA"
14,15301,"Pittsburgh - PA"
14,15236,"Pittsburgh - PA"
14,15057,"Pittsburgh - PA"
14,06807,"Oxford - CT"
14,14085,"Orchard Park - NY"
14,14006,"Orchard Park - NY"
14,08077,"New Jersey Central - NJ"
14,08053,"New Jersey Central - NJ"
14,79782,"Midland - TX"
14,03062,"Manchester - NH"
14,11776,"Long Island - NY"
14,11782,"Long Island - NY"
14,11757,"Long Island - NY"
14,11542,"Long Island - NY"
14,40403,"Lexington - KY"
14,06355,"Hartford - CT"
14,06479,"Hartford - CT"
14,06070,"Hartford - CT"
14,06716,"Hartford - CT"
14,17201,"Harrisburg - PA"
14,21093,"Harrisburg - PA"
14,21157,"Harrisburg - PA"
14,17038,"Harrisburg - PA"
14,60538,"Chicago South - IL"
14,60139,"Chicago South - IL"
14,60586,"Chicago South - IL"
14,60013,"Chicago North - IL"
14,60098,"Chicago North - IL"
14,60074,"Chicago North - IL"
14,14301,"Buffalo - NY"
14,14068,"Buffalo - NY"
14,14131,"Buffalo - NY"
14,01741,"Boston North Shore - MA"
14,01832,"Boston North Shore - MA"
14,01810,"Boston North Shore - MA"
14,02420,"Boston North Shore - MA"
14,01845,"Boston North Shore - MA"
14,12211,"Albany - NY"
14,12047,"Albany - NY"
13,10590,"Westchester - NY"
13,10573,"Westchester - NY"
13,10989,"Westchester - NY"
13,12564,"Westchester - NY"
13,10940,"Westchester - NY"
13,13207,"Syracuse - NY"
13,01702,"Providence - RI"
13,02767,"Providence - RI"
13,02766,"Providence - RI"
13,02739,"Providence - RI"
13,01545,"Providence - RI"
13,15147,"Pittsburgh - PA"
13,15010,"Pittsburgh - PA"
13,34491,"Orlando West - FL"
13,14057,"Orchard Park - NY"
13,23663,"Newport News - VA"
13,08610,"New Jersey Central - NJ"
13,08638,"New Jersey Central - NJ"
13,03031,"Manchester - NH"
13,03833,"Manchester - NH"
13,40353,"Lexington - KY"
13,40422,"Lexington - KY"
13,06475,"Hartford - CT"
13,06339,"Hartford - CT"
13,06416,"Hartford - CT"
13,06062,"Hartford - CT"
13,06371,"Hartford - CT"
13,17316,"Harrisburg - PA"
13,17362,"Harrisburg - PA"
13,17102,"Harrisburg - PA"
13,76262,"Dallas Fort Worth Northwest - TX"
13,60192,"Chicago South - IL"
13,60563,"Chicago South - IL"
13,60504,"Chicago South - IL"
13,60430,"Chicago South - IL"
13,60181,"Chicago South - IL"
13,60152,"Chicago North - IL"
13,60087,"Chicago North - IL"
13,01867,"Boston North Shore - MA"
13,01945,"Boston North Shore - MA"
13,02474,"Boston North Shore - MA"
13,02148,"Boston North Shore - MA"
13,01803,"Boston North Shore - MA"
13,61822,"Bloomington - IL"
13,70809,"Baton Rouge - LA"
13,70714,"Baton Rouge - LA"
13,12208,"Albany - NY"
12,12508,"Westchester - NY"
12,10801,"Westchester - NY"
12,10804,"Westchester - NY"
12,10607,"Westchester - NY"
12,10591,"Westchester - NY"
12,23508,"Virginia Beach - VA"
12,14546,"Rochester - NY"
12,02038,"Providence - RI"
12,01504,"Providence - RI"
12,01501,"Providence - RI"
12,02896,"Providence - RI"
12,02721,"Providence - RI"
12,02347,"Providence - RI"
12,02835,"Providence - RI"
12,02769,"Providence - RI"
12,02132,"Providence - RI"
12,15601,"Pittsburgh - PA"
12,15068,"Pittsburgh - PA"
12,15238,"Pittsburgh - PA"
12,15061,"Pittsburgh - PA"
12,06795,"Oxford - CT"
12,06524,"Oxford - CT"
12,06513,"Oxford - CT"
12,06604,"Oxford - CT"
12,23662,"Newport News - VA"
12,08057,"New Jersey Central - NJ"
12,08876,"New Jersey Central - NJ"
12,08534,"New Jersey Central - NJ"
12,78570,"McAllen - TX"
12,78550,"McAllen - TX"
12,03076,"Manchester - NH"
12,11754,"Long Island - NY"
12,11764,"Long Island - NY"
12,11946,"Long Island - NY"
12,11747,"Long Island - NY"
12,11510,"Long Island - NY"
12,11590,"Long Island - NY"
12,11703,"Long Island - NY"
12,11901,"Long Island - NY"
12,11561,"Long Island - NY"
12,,"Lexington - KY"
12,70517,"Lafayette - LA"
12,06096,"Hartford - CT"
12,06078,"Hartford - CT"
12,06106,"Hartford - CT"
12,17339,"Harrisburg - PA"
12,21074,"Harrisburg - PA"
12,22066,"DC West - DC"
12,22003,"DC West - DC"
12,76226,"Dallas Fort Worth Northwest - TX"
12,60503,"Chicago South - IL"
12,60107,"Chicago South - IL"
12,60491,"Chicago South - IL"
12,60448,"Chicago South - IL"
12,60015,"Chicago North - IL"
12,60202,"Chicago North - IL"
12,01719,"Boston North Shore - MA"
12,01851,"Boston North Shore - MA"
12,01450,"Boston North Shore - MA"
12,01880,"Boston North Shore - MA"
12,01890,"Boston North Shore - MA"
12,70807,"Baton Rouge - LA"
12,70802,"Baton Rouge - LA"
11,12570,"Westchester - NY"
11,10710,"Westchester - NY"
11,10980,"Westchester - NY"
11,12524,"Westchester - NY"
11,13211,"Syracuse - NY"
11,13204,"Syracuse - NY"
11,13035,"Syracuse - NY"
11,14608,"Rochester - NY"
11,14514,"Rochester - NY"
11,02790,"Providence - RI"
11,02184,"Providence - RI"
11,02885,"Providence - RI"
11,02130,"Providence - RI"
11,02832,"Providence - RI"
11,01721,"Providence - RI"
11,02740,"Providence - RI"
11,02186,"Providence - RI"
11,02777,"Providence - RI"
11,02857,"Providence - RI"
11,02720,"Providence - RI"
11,15212,"Pittsburgh - PA"
11,15017,"Pittsburgh - PA"
11,15234,"Pittsburgh - PA"
11,32162,"Orlando West - FL"
11,32824,"Orlando West - FL"
11,14219,"Orchard Park - NY"
11,14204,"Orchard Park - NY"
11,23314,"Newport News - VA"
11,08690,"New Jersey Central - NJ"
11,79758,"Midland - TX"
11,03049,"Manchester - NH"
11,11961,"Long Island - NY"
11,11730,"Long Island - NY"
11,11951,"Long Island - NY"
11,11701,"Long Island - NY"
11,11733,"Long Island - NY"
11,06471,"Hartford - CT"
11,06370,"Hartford - CT"
11,06119,"Hartford - CT"
11,06379,"Hartford - CT"
11,06424,"Hartford - CT"
11,06441,"Hartford - CT"
11,21136,"Harrisburg - PA"
11,17350,"Harrisburg - PA"
11,21742,"Harrisburg - PA"
11,17363,"Harrisburg - PA"
11,17322,"Harrisburg - PA"
11,22042,"DC West - DC"
11,76137,"Dallas Fort Worth Northwest - TX"
11,78373,"Corpus Christi - TX"
11,78370,"Corpus Christi - TX"
11,78405,"Corpus Christi - TX"
11,60554,"Chicago South - IL"
11,60521,"Chicago South - IL"
11,60471,"Chicago South - IL"
11,60172,"Chicago South - IL"
11,60067,"Chicago North - IL"
11,60091,"Chicago North - IL"
11,60110,"Chicago North - IL"
11,61073,"Chicago North - IL"
11,60631,"Chicago North - IL"
11,60053,"Chicago North - IL"
11,60045,"Chicago North - IL"
11,01930,"Boston North Shore - MA"
11,01776,"Boston North Shore - MA"
11,01749,"Boston North Shore - MA"
11,02421,"Boston North Shore - MA"
11,02149,"Boston North Shore - MA"
11,01701,"Boston North Shore - MA"
11,02128,"Boston North Shore - MA"
11,01463,"Boston North Shore - MA"
11,70706,"Baton Rouge - LA"
11,70710,"Baton Rouge - LA"
11,70767,"Baton Rouge - LA"
10,12538,"Westchester - NY"
10,10965,"Westchester - NY"
10,10604,"Westchester - NY"
10,12561,"Westchester - NY"
10,10549,"Westchester - NY"
10,10606,"Westchester - NY"
10,10510,"Westchester - NY"
10,10506,"Westchester - NY"
10,12589,"Westchester - NY"
10,10920,"Westchester - NY"
10,23505,"Virginia Beach - VA"
10,13421,"Syracuse - NY"
10,02747,"Providence - RI"
10,02492,"Providence - RI"
10,02035,"Providence - RI"
10,02126,"Providence - RI"
10,02863,"Providence - RI"
10,02481,"Providence - RI"
10,15227,"Pittsburgh - PA"
10,06907,"Oxford - CT"
10,32819,"Orlando West - FL"
10,34715,"Orlando West - FL"
10,34746,"Orlando West - FL"
10,32818,"Orlando West - FL"
10,32757,"Orlando West - FL"
10,34785,"Orlando West - FL"
10,14102,"Orchard Park - NY"
10,70420,"Northshore - LA"
10,08536,"New Jersey Central - NJ"
10,08075,"New Jersey Central - NJ"
10,03087,"Manchester - NH"
10,03077,"Manchester - NH"
10,03106,"Manchester - NH"
10,79336,"Lubbock - TX"
10,11769,"Long Island - NY"
10,11714,"Long Island - NY"
10,11563,"Long Island - NY"
10,11793,"Long Island - NY"
10,11003,"Long Island - NY"
10,11580,"Long Island - NY"
10,11792,"Long Island - NY"
10,11790,"Long Island - NY"
10,11545,"Long Island - NY"
10,11755,"Long Island - NY"
10,40444,"Lexington - KY"
10,06447,"Hartford - CT"
10,06071,"Hartford - CT"
10,06320,"Hartford - CT"
10,06052,"Hartford - CT"
10,06382,"Hartford - CT"
10,17368,"Harrisburg - PA"
10,17512,"Harrisburg - PA"
10,21117,"Harrisburg - PA"
10,17547,"Harrisburg - PA"
10,21158,"Harrisburg - PA"
10,17103,"Harrisburg - PA"
10,17327,"Harrisburg - PA"
10,17340,"Harrisburg - PA"
10,20191,"DC West - DC"
10,20169,"DC West - DC"
10,20170,"DC West - DC"
10,22030,"DC West - DC"
10,20175,"DC West - DC"
10,20171,"DC West - DC"
10,76051,"Dallas Fort Worth Northwest - TX"
10,76182,"Dallas Fort Worth Northwest - TX"
10,76244,"Dallas Fort Worth Northwest - TX"
10,78408,"Corpus Christi - TX"
10,78387,"Corpus Christi - TX"
10,60177,"Chicago South - IL"
10,60462,"Chicago South - IL"
10,60106,"Chicago South - IL"
10,60523,"Chicago South - IL"
10,60201,"Chicago North - IL"
10,61109,"Chicago North - IL"
10,60096,"Chicago North - IL"
10,61114,"Chicago North - IL"
10,60020,"Chicago North - IL"
10,60061,"Chicago North - IL"
10,61107,"Chicago North - IL"
10,60012,"Chicago North - IL"
10,14067,"Buffalo - NY"
10,01940,"Boston North Shore - MA"
10,01752,"Boston North Shore - MA"
10,01906,"Boston North Shore - MA"
10,01462,"Boston North Shore - MA"
10,02143,"Boston North Shore - MA"
10,01902,"Boston North Shore - MA"
10,01464,"Boston North Shore - MA"
10,61820,"Bloomington - IL"
10,61548,"Bloomington - IL"
10,12110,"Albany - NY"
10,12831,"Albany - NY"
10,12189,"Albany - NY"
9,10950,"Westchester - NY"
9,12528,"Westchester - NY"
9,10994,"Westchester - NY"
9,12531,"Westchester - NY"
9,10504,"Westchester - NY"
9,13029,"Syracuse - NY"
9,13501,"Syracuse - NY"
9,13135,"Syracuse - NY"
9,02067,"Providence - RI"
9,02066,"Providence - RI"
9,02169,"Providence - RI"
9,02019,"Providence - RI"
9,02726,"Providence - RI"
9,02916,"Providence - RI"
9,02831,"Providence - RI"
9,15120,"Pittsburgh - PA"
9,15241,"Pittsburgh - PA"
9,15106,"Pittsburgh - PA"
9,15216,"Pittsburgh - PA"
9,15226,"Pittsburgh - PA"
9,06751,"Oxford - CT"
9,33837,"Orlando West - FL"
9,32163,"Orlando West - FL"
9,34761,"Orlando West - FL"
9,32835,"Orlando West - FL"
9,14047,"Orchard Park - NY"
9,70460,"Northshore - LA"
9,23702,"Newport News - VA"
9,08618,"New Jersey Central - NJ"
9,08823,"New Jersey Central - NJ"
9,08502,"New Jersey Central - NJ"
9,08022,"New Jersey Central - NJ"
9,08505,"New Jersey Central - NJ"
9,78586,"McAllen - TX"
9,79404,"Lubbock - TX"
9,11411,"Long Island - NY"
9,11766,"Long Island - NY"
9,11756,"Long Island - NY"
9,11778,"Long Island - NY"
9,11566,"Long Island - NY"
9,11752,"Long Island - NY"
9,11762,"Long Island - NY"
9,11949,"Long Island - NY"
9,11780,"Long Island - NY"
9,40342,"Lexington - KY"
9,70578,"Lafayette - LA"
9,06333,"Hartford - CT"
9,06019,"Hartford - CT"
9,06110,"Hartford - CT"
9,06084,"Hartford - CT"
9,21234,"Harrisburg - PA"
9,17557,"Harrisburg - PA"
9,17540,"Harrisburg - PA"
9,17043,"Harrisburg - PA"
9,21701,"Harrisburg - PA"
9,20112,"DC West - DC"
9,20176,"DC West - DC"
9,22153,"DC West - DC"
9,20148,"DC West - DC"
9,76179,"Dallas Fort Worth Northwest - TX"
9,60542,"Chicago South - IL"
9,60191,"Chicago South - IL"
9,60123,"Chicago South - IL"
9,60453,"Chicago South - IL"
9,61008,"Chicago North - IL"
9,60090,"Chicago North - IL"
9,61108,"Chicago North - IL"
9,02478,"Boston North Shore - MA"
9,01950,"Boston North Shore - MA"
9,01510,"Boston North Shore - MA"
9,01830,"Boston North Shore - MA"
9,70819,"Baton Rouge - LA"
9,12304,"Albany - NY"
8,10913,"Westchester - NY"
8,10708,"Westchester - NY"
8,12569,"Westchester - NY"
8,10543,"Westchester - NY"
8,10603,"Westchester - NY"
8,12401,"Westchester - NY"
8,10562,"Westchester - NY"
8,10992,"Westchester - NY"
8,23509,"Virginia Beach - VA"
8,13108,"Syracuse - NY"
8,13203,"Syracuse - NY"
8,13080,"Syracuse - NY"
8,14522,"Rochester - NY"
8,14464,"Rochester - NY"
8,02745,"Providence - RI"
8,02914,"Providence - RI"
8,02828,"Providence - RI"
8,01581,"Providence - RI"
8,02061,"Providence - RI"
8,02122,"Providence - RI"
8,02119,"Providence - RI"
8,02814,"Providence - RI"
8,02324,"Providence - RI"
8,02458,"Providence - RI"
8,02379,"Providence - RI"
8,02127,"Providence - RI"
8,02874,"Providence - RI"
8,02081,"Providence - RI"
8,02445,"Providence - RI"
8,02837,"Providence - RI"
8,02124,"Providence - RI"
8,02356,"Providence - RI"
8,02090,"Providence - RI"
8,02724,"Providence - RI"
8,15239,"Pittsburgh - PA"
8,15243,"Pittsburgh - PA"
8,16063,"Pittsburgh - PA"
8,16101,"Pittsburgh - PA"
8,15042,"Pittsburgh - PA"
8,15126,"Pittsburgh - PA"
8,06779,"Oxford - CT"
8,06855,"Oxford - CT"
8,34473,"Orlando West - FL"
8,34748,"Orlando West - FL"
8,32703,"Orlando West - FL"
8,32712,"Orlando West - FL"
8,32837,"Orlando West - FL"
8,32808,"Orlando West - FL"
8,32159,"Orlando West - FL"
8,14209,"Orchard Park - NY"
8,70445,"Northshore - LA"
8,23061,"Newport News - VA"
8,08003,"New Jersey Central - NJ"
8,08016,"New Jersey Central - NJ"
8,03304,"Manchester - NH"
8,03873,"Manchester - NH"
8,03301,"Manchester - NH"
8,79329,"Lubbock - TX"
8,11530,"Long Island - NY"
8,11726,"Long Island - NY"
8,11552,"Long Island - NY"
8,11777,"Long Island - NY"
8,11953,"Long Island - NY"
8,11771,"Long Island - NY"
8,11576,"Long Island - NY"
8,11413,"Long Island - NY"
8,11968,"Long Island - NY"
8,06498,"Hartford - CT"
8,06787,"Hartford - CT"
8,06351,"Hartford - CT"
8,06706,"Hartford - CT"
8,06029,"Hartford - CT"
8,06357,"Hartford - CT"
8,06085,"Hartford - CT"
8,17313,"Harrisburg - PA"
8,17067,"Harrisburg - PA"
8,17538,"Harrisburg - PA"
8,17007,"Harrisburg - PA"
8,21783,"Harrisburg - PA"
8,22101,"DC West - DC"
8,20155,"DC West - DC"
8,20136,"DC West - DC"
8,22150,"DC West - DC"
8,76131,"Dallas Fort Worth Northwest - TX"
8,78362,"Corpus Christi - TX"
8,77901,"Corpus Christi - TX"
8,60466,"Chicago South - IL"
8,60451,"Chicago South - IL"
8,60446,"Chicago South - IL"
8,60514,"Chicago South - IL"
8,60133,"Chicago South - IL"
8,60115,"Chicago South - IL"
8,60447,"Chicago South - IL"
8,60527,"Chicago South - IL"
8,60411,"Chicago South - IL"
8,60467,"Chicago South - IL"
8,60559,"Chicago South - IL"
8,60097,"Chicago North - IL"
8,60044,"Chicago North - IL"
8,60714,"Chicago North - IL"
8,60645,"Chicago North - IL"
8,60026,"Chicago North - IL"
8,60002,"Chicago North - IL"
8,60005,"Chicago North - IL"
8,60069,"Chicago North - IL"
8,60077,"Chicago North - IL"
8,60056,"Chicago North - IL"
8,61102,"Chicago North - IL"
8,14172,"Buffalo - NY"
8,01778,"Boston North Shore - MA"
8,02453,"Boston North Shore - MA"
8,01841,"Boston North Shore - MA"
8,02451,"Boston North Shore - MA"
8,61802,"Bloomington - IL"
8,61615,"Bloomington - IL"
8,70811,"Baton Rouge - LA"
8,12306,"Albany - NY"
8,12804,"Albany - NY"
8,12184,"Albany - NY"
8,12188,"Albany - NY"
7,10528,"Westchester - NY"
7,10560,"Westchester - NY"
7,12582,"Westchester - NY"
7,10538,"Westchester - NY"
7,13413,"Syracuse - NY"
7,13214,"Syracuse - NY"
7,13030,"Syracuse - NY"
7,14605,"Rochester - NY"
7,02467,"Providence - RI"
7,01588,"Providence - RI"
7,02859,"Providence - RI"
7,02351,"Providence - RI"
7,02746,"Providence - RI"
7,01583,"Providence - RI"
7,02459,"Providence - RI"
7,02446,"Providence - RI"
7,02135,"Providence - RI"
7,02339,"Providence - RI"
7,02050,"Providence - RI"
7,01532,"Providence - RI"
7,15642,"Pittsburgh - PA"
7,15071,"Pittsburgh - PA"
7,15202,"Pittsburgh - PA"
7,06759,"Oxford - CT"
7,06784,"Oxford - CT"
7,06519,"Oxford - CT"
7,34476,"Orlando West - FL"
7,34472,"Orlando West - FL"
7,14212,"Orchard Park - NY"
7,23487,"Newport News - VA"
7,08648,"New Jersey Central - NJ"
7,08559,"New Jersey Central - NJ"
7,07920,"New Jersey Central - NJ"
7,79714,"Midland - TX"
7,78557,"McAllen - TX"
7,78566,"McAllen - TX"
7,03874,"Manchester - NH"
7,03044,"Manchester - NH"
7,03052,"Manchester - NH"
7,79366,"Lubbock - TX"
7,11710,"Long Island - NY"
7,11554,"Long Island - NY"
7,11963,"Long Island - NY"
7,11971,"Long Island - NY"
7,11030,"Long Island - NY"
7,11550,"Long Island - NY"
7,40516,"Lexington - KY"
7,40484,"Lexington - KY"
7,40347,"Lexington - KY"
7,70570,"Lafayette - LA"
7,70555,"Lafayette - LA"
7,06422,"Hartford - CT"
7,06088,"Hartford - CT"
7,06335,"Hartford - CT"
7,06419,"Hartford - CT"
7,06480,"Hartford - CT"
7,21050,"Harrisburg - PA"
7,21120,"Harrisburg - PA"
7,17401,"Harrisburg - PA"
7,17345,"Harrisburg - PA"
7,17307,"Harrisburg - PA"
7,21014,"Harrisburg - PA"
7,17020,"Harrisburg - PA"
7,21047,"Harrisburg - PA"
7,20181,"DC West - DC"
7,22180,"DC West - DC"
7,20166,"DC West - DC"
7,22152,"DC West - DC"
7,76021,"Dallas Fort Worth Northwest - TX"
7,78363,"Corpus Christi - TX"
7,78336,"Corpus Christi - TX"
7,60585,"Chicago South - IL"
7,60487,"Chicago South - IL"
7,60445,"Chicago South - IL"
7,60452,"Chicago South - IL"
7,60478,"Chicago South - IL"
7,60643,"Chicago South - IL"
7,60431,"Chicago South - IL"
7,60119,"Chicago South - IL"
7,60169,"Chicago South - IL"
7,60143,"Chicago South - IL"
7,60464,"Chicago South - IL"
7,60555,"Chicago South - IL"
7,60544,"Chicago South - IL"
7,60436,"Chicago South - IL"
7,60561,"Chicago South - IL"
7,60022,"Chicago North - IL"
7,60008,"Chicago North - IL"
7,60646,"Chicago North - IL"
7,02152,"Boston North Shore - MA"
7,01913,"Boston North Shore - MA"
7,02138,"Boston North Shore - MA"
7,02129,"Boston North Shore - MA"
7,02145,"Boston North Shore - MA"
7,01938,"Boston North Shore - MA"
7,01772,"Boston North Shore - MA"
7,01430,"Boston North Shore - MA"
7,02150,"Boston North Shore - MA"
7,02139,"Boston North Shore - MA"
7,61611,"Bloomington - IL"
7,61821,"Bloomington - IL"
7,70764,"Baton Rouge - LA"
7,70776,"Baton Rouge - LA"
7,12077,"Albany - NY"
7,12009,"Albany - NY"
7,12206,"Albany - NY"
7,12143,"Albany - NY"
6,10962,"Westchester - NY"
6,12518,"Westchester - NY"
6,12586,"Westchester - NY"
6,10553,"Westchester - NY"
6,10524,"Westchester - NY"
6,10502,"Westchester - NY"
6,12522,"Westchester - NY"
6,10990,"Westchester - NY"
6,10941,"Westchester - NY"
6,12553,"Westchester - NY"
6,23504,"Virginia Beach - VA"
6,13132,"Syracuse - NY"
6,13082,"Syracuse - NY"
6,13167,"Syracuse - NY"
6,13478,"Syracuse - NY"
6,02482,"Providence - RI"
6,02903,"Providence - RI"
6,01604,"Providence - RI"
6,01570,"Providence - RI"
6,02738,"Providence - RI"
6,01748,"Providence - RI"
6,02322,"Providence - RI"
6,02370,"Providence - RI"
6,01606,"Providence - RI"
6,02121,"Providence - RI"
6,02898,"Providence - RI"
6,02125,"Providence - RI"
6,02364,"Providence - RI"
6,15066,"Pittsburgh - PA"
6,15210,"Pittsburgh - PA"
6,15215,"Pittsburgh - PA"
6,15009,"Pittsburgh - PA"
6,15074,"Pittsburgh - PA"
6,15046,"Pittsburgh - PA"
6,06757,"Oxford - CT"
6,06756,"Oxford - CT"
6,32778,"Orlando West - FL"
6,08088,"New Jersey Central - NJ"
6,08002,"New Jersey Central - NJ"
6,08833,"New Jersey Central - NJ"
6,08691,"New Jersey Central - NJ"
6,07059,"New Jersey Central - NJ"
6,08824,"New Jersey Central - NJ"
6,08558,"New Jersey Central - NJ"
6,08520,"New Jersey Central - NJ"
6,08043,"New Jersey Central - NJ"
6,08055,"New Jersey Central - NJ"
6,08048,"New Jersey Central - NJ"
6,03036,"Manchester - NH"
6,03824,"Manchester - NH"
6,03885,"Manchester - NH"
6,03063,"Manchester - NH"
6,03870,"Manchester - NH"
6,79401,"Lubbock - TX"
6,79364,"Lubbock - TX"
6,11742,"Long Island - NY"
6,11577,"Long Island - NY"
6,11954,"Long Island - NY"
6,11930,"Long Island - NY"
6,11783,"Long Island - NY"
6,11713,"Long Island - NY"
6,11010,"Long Island - NY"
6,11709,"Long Island - NY"
6,11050,"Long Island - NY"
6,11933,"Long Island - NY"
6,11789,"Long Island - NY"
6,70584,"Lafayette - LA"
6,70582,"Lafayette - LA"
6,70560,"Lafayette - LA"
6,70601,"Lafayette - LA"
6,06378,"Hartford - CT"
6,06423,"Hartford - CT"
6,06112,"Hartford - CT"
6,06114,"Hartford - CT"
6,06712,"Hartford - CT"
6,06016,"Hartford - CT"
6,06375,"Hartford - CT"
6,17018,"Harrisburg - PA"
6,21161,"Harrisburg - PA"
6,21111,"Harrisburg - PA"
6,17028,"Harrisburg - PA"
6,21048,"Harrisburg - PA"
6,20105,"DC West - DC"
6,20109,"DC West - DC"
6,22032,"DC West - DC"
6,22310,"DC West - DC"
6,22031,"DC West - DC"
6,22102,"DC West - DC"
6,76052,"Dallas Fort Worth Northwest - TX"
6,76020,"Dallas Fort Worth Northwest - TX"
6,75063,"Dallas Fort Worth Northwest - TX"
6,76247,"Dallas Fort Worth Northwest - TX"
6,76177,"Dallas Fort Worth Northwest - TX"
6,76053,"Dallas Fort Worth Northwest - TX"
6,76078,"Dallas Fort Worth Northwest - TX"
6,76039,"Dallas Fort Worth Northwest - TX"
6,76012,"Dallas Fort Worth Northwest - TX"
6,78409,"Corpus Christi - TX"
6,60194,"Chicago South - IL"
6,60465,"Chicago South - IL"
6,60417,"Chicago South - IL"
6,60505,"Chicago South - IL"
6,60481,"Chicago South - IL"
6,60435,"Chicago South - IL"
6,60490,"Chicago South - IL"
6,60655,"Chicago South - IL"
6,60630,"Chicago South - IL"
6,60463,"Chicago South - IL"
6,60178,"Chicago South - IL"
6,60018,"Chicago North - IL"
6,60093,"Chicago North - IL"
6,60021,"Chicago North - IL"
6,61016,"Chicago North - IL"
6,01523,"Boston North Shore - MA"
6,01852,"Boston North Shore - MA"
6,01984,"Boston North Shore - MA"
6,01949,"Boston North Shore - MA"
6,01850,"Boston North Shore - MA"
6,01952,"Boston North Shore - MA"
6,01854,"Boston North Shore - MA"
6,01983,"Boston North Shore - MA"
6,02493,"Boston North Shore - MA"
6,01982,"Boston North Shore - MA"
6,61614,"Bloomington - IL"
6,61603,"Bloomington - IL"
6,70805,"Baton Rouge - LA"
6,12182,"Albany - NY"
6,12159,"Albany - NY"
6,12186,"Albany - NY"
5,10522,"Westchester - NY"
5,10533,"Westchester - NY"
5,10703,"Westchester - NY"
5,10576,"Westchester - NY"
5,10707,"Westchester - NY"
5,10589,"Westchester - NY"
5,10704,"Westchester - NY"
5,10550,"Westchester - NY"
5,12540,"Westchester - NY"
5,10923,"Westchester - NY"
5,10803,"Westchester - NY"
5,13116,"Syracuse - NY"
5,13492,"Syracuse - NY"
5,13164,"Syracuse - NY"
5,14589,"Rochester - NY"
5,14505,"Rochester - NY"
5,14469,"Rochester - NY"
5,02188,"Providence - RI"
5,02779,"Providence - RI"
5,02830,"Providence - RI"
5,02190,"Providence - RI"
5,01527,"Providence - RI"
5,02330,"Providence - RI"
5,02333,"Providence - RI"
5,02043,"Providence - RI"
5,01568,"Providence - RI"
5,01540,"Providence - RI"
5,02341,"Providence - RI"
5,02576,"Providence - RI"
5,02825,"Providence - RI"
5,02048,"Providence - RI"
5,01562,"Providence - RI"
5,02748,"Providence - RI"
5,02827,"Providence - RI"
5,01524,"Providence - RI"
5,01590,"Providence - RI"
5,02762,"Providence - RI"
5,02189,"Providence - RI"
5,02717,"Providence - RI"
5,02743,"Providence - RI"
5,02332,"Providence - RI"
5,02804,"Providence - RI"
5,15065,"Pittsburgh - PA"
5,16056,"Pittsburgh - PA"
5,15084,"Pittsburgh - PA"
5,15085,"Pittsburgh - PA"
5,15025,"Pittsburgh - PA"
5,06608,"Oxford - CT"
5,06607,"Oxford - CT"
5,06777,"Oxford - CT"
5,34788,"Orlando West - FL"
5,34731,"Orlando West - FL"
5,32750,"Orlando West - FL"
5,34769,"Orlando West - FL"
5,32784,"Orlando West - FL"
5,14036,"Orchard Park - NY"
5,70401,"Northshore - LA"
5,70466,"Northshore - LA"
5,23603,"Newport News - VA"
5,07076,"New Jersey Central - NJ"
5,08620,"New Jersey Central - NJ"
5,08628,"New Jersey Central - NJ"
5,08619,"New Jersey Central - NJ"
5,08525,"New Jersey Central - NJ"
5,07830,"New Jersey Central - NJ"
5,08091,"New Jersey Central - NJ"
5,78575,"McAllen - TX"
5,03801,"Manchester - NH"
5,03032,"Manchester - NH"
5,03064,"Manchester - NH"
5,03275,"Manchester - NH"
5,03042,"Manchester - NH"
5,79381,"Lubbock - TX"
5,11719,"Long Island - NY"
5,11767,"Long Island - NY"
5,11721,"Long Island - NY"
5,11934,"Long Island - NY"
5,11560,"Long Island - NY"
5,11570,"Long Island - NY"
5,11568,"Long Island - NY"
5,11715,"Long Island - NY"
5,11557,"Long Island - NY"
5,11412,"Long Island - NY"
5,11575,"Long Island - NY"
5,11501,"Long Island - NY"
5,78390,"Lexington - KY"
5,70510,"Lafayette - LA"
5,06782,"Hartford - CT"
5,06412,"Hartford - CT"
5,06420,"Hartford - CT"
5,06073,"Hartford - CT"
5,06043,"Hartford - CT"
5,06710,"Hartford - CT"
5,06248,"Hartford - CT"
5,06231,"Hartford - CT"
5,06786,"Hartford - CT"
5,21787,"Harrisburg - PA"
5,17551,"Harrisburg - PA"
5,21208,"Harrisburg - PA"
5,17372,"Harrisburg - PA"
5,21773,"Harrisburg - PA"
5,21102,"Harrisburg - PA"
5,17364,"Harrisburg - PA"
5,17366,"Harrisburg - PA"
5,21286,"Harrisburg - PA"
5,21788,"Harrisburg - PA"
5,22309,"DC West - DC"
5,20111,"DC West - DC"
5,22039,"DC West - DC"
5,22315,"DC West - DC"
5,20152,"DC West - DC"
5,20110,"DC West - DC"
5,20180,"DC West - DC"
5,22193,"DC West - DC"
5,76106,"Dallas Fort Worth Northwest - TX"
5,75056,"Dallas Fort Worth Northwest - TX"
5,75067,"Dallas Fort Worth Northwest - TX"
5,75077,"Dallas Fort Worth Northwest - TX"
5,60140,"Chicago South - IL"
5,60432,"Chicago South - IL"
5,60154,"Chicago South - IL"
5,60525,"Chicago South - IL"
5,60475,"Chicago South - IL"
5,60422,"Chicago South - IL"
5,60449,"Chicago South - IL"
5,60041,"Chicago North - IL"
5,60625,"Chicago North - IL"
5,60659,"Chicago North - IL"
5,60064,"Chicago North - IL"
5,14105,"Buffalo - NY"
5,01921,"Boston North Shore - MA"
5,01843,"Boston North Shore - MA"
5,01863,"Boston North Shore - MA"
5,01864,"Boston North Shore - MA"
5,02476,"Boston North Shore - MA"
5,01469,"Boston North Shore - MA"
5,01440,"Boston North Shore - MA"
5,01907,"Boston North Shore - MA"
5,01862,"Boston North Shore - MA"
5,01951,"Boston North Shore - MA"
5,61604,"Bloomington - IL"
5,61856,"Bloomington - IL"
5,61525,"Bloomington - IL"
5,61736,"Bloomington - IL"
5,12209,"Albany - NY"
5,12198,"Albany - NY"
5,12308,"Albany - NY"
5,12202,"Albany - NY"
5,12822,"Albany - NY"
5,12210,"Albany - NY"
5,12025,"Albany - NY"
5,12170,"Albany - NY"
4,12566,"Westchester - NY"
4,10566,"Westchester - NY"
4,10983,"Westchester - NY"
4,10520,"Westchester - NY"
4,10986,"Westchester - NY"
4,12571,"Westchester - NY"
4,10705,"Westchester - NY"
4,10952,"Westchester - NY"
4,10974,"Westchester - NY"
4,13033,"Syracuse - NY"
4,13084,"Syracuse - NY"
4,13044,"Syracuse - NY"
4,13166,"Syracuse - NY"
4,13042,"Syracuse - NY"
4,13076,"Syracuse - NY"
4,13461,"Syracuse - NY"
4,14487,"Rochester - NY"
4,14543,"Rochester - NY"
4,14414,"Rochester - NY"
4,02649,"Providence - RI"
4,02719,"Providence - RI"
4,02892,"Providence - RI"
4,02838,"Providence - RI"
4,01507,"Providence - RI"
4,02056,"Providence - RI"
4,02053,"Providence - RI"
4,01534,"Providence - RI"
4,02718,"Providence - RI"
4,02808,"Providence - RI"
4,02170,"Providence - RI"
4,01747,"Providence - RI"
4,02171,"Providence - RI"
4,02723,"Providence - RI"
4,02382,"Providence - RI"
4,01746,"Providence - RI"
4,02559,"Providence - RI"
4,15129,"Pittsburgh - PA"
4,15086,"Pittsburgh - PA"
4,16037,"Pittsburgh - PA"
4,15367,"Pittsburgh - PA"
4,15139,"Pittsburgh - PA"
4,15122,"Pittsburgh - PA"
4,15211,"Pittsburgh - PA"
4,15203,"Pittsburgh - PA"
4,16148,"Pittsburgh - PA"
4,15024,"Pittsburgh - PA"
4,16033,"Pittsburgh - PA"
4,15026,"Pittsburgh - PA"
4,06793,"Oxford - CT"
4,06783,"Oxford - CT"
4,06763,"Oxford - CT"
4,32714,"Orlando West - FL"
4,32776,"Orlando West - FL"
4,32726,"Orlando West - FL"
4,34736,"Orlando West - FL"
4,32804,"Orlando West - FL"
4,32836,"Orlando West - FL"
4,34420,"Orlando West - FL"
4,32821,"Orlando West - FL"
4,14141,"Orchard Park - NY"
4,14025,"Orchard Park - NY"
4,14009,"Orchard Park - NY"
4,14040,"Orchard Park - NY"
4,70452,"Northshore - LA"
4,23437,"Newport News - VA"
4,23696,"Newport News - VA"
4,23605,"Newport News - VA"
4,08902,"New Jersey Central - NJ"
4,08629,"New Jersey Central - NJ"
4,08853,"New Jersey Central - NJ"
4,08835,"New Jersey Central - NJ"
4,08889,"New Jersey Central - NJ"
4,07882,"New Jersey Central - NJ"
4,08812,"New Jersey Central - NJ"
4,08036,"New Jersey Central - NJ"
4,08826,"New Jersey Central - NJ"
4,08501,"New Jersey Central - NJ"
4,03841,"Manchester - NH"
4,03276,"Manchester - NH"
4,03819,"Manchester - NH"
4,03034,"Manchester - NH"
4,03055,"Manchester - NH"
4,03246,"Manchester - NH"
4,03848,"Manchester - NH"
4,03225,"Manchester - NH"
4,79367,"Lubbock - TX"
4,79311,"Lubbock - TX"
4,11705,"Long Island - NY"
4,11935,"Long Island - NY"
4,11952,"Long Island - NY"
4,11581,"Long Island - NY"
4,11753,"Long Island - NY"
4,11718,"Long Island - NY"
4,11950,"Long Island - NY"
4,11553,"Long Island - NY"
4,11980,"Long Island - NY"
4,11024,"Long Island - NY"
4,11977,"Long Island - NY"
4,11040,"Long Island - NY"
4,11940,"Long Island - NY"
4,40372,"Lexington - KY"
4,70563,"Lafayette - LA"
4,70512,"Lafayette - LA"
4,06026,"Hartford - CT"
4,06237,"Hartford - CT"
4,06455,"Hartford - CT"
4,06093,"Hartford - CT"
4,06035,"Hartford - CT"
4,06365,"Hartford - CT"
4,17365,"Harrisburg - PA"
4,17301,"Harrisburg - PA"
4,21131,"Harrisburg - PA"
4,17554,"Harrisburg - PA"
4,17407,"Harrisburg - PA"
4,21727,"Harrisburg - PA"
4,17321,"Harrisburg - PA"
4,17065,"Harrisburg - PA"
4,17302,"Harrisburg - PA"
4,17241,"Harrisburg - PA"
4,17090,"Harrisburg - PA"
4,17361,"Harrisburg - PA"
4,14111,"Harrisburg - PA"
4,21030,"Harrisburg - PA"
4,21793,"Harrisburg - PA"
4,17360,"Harrisburg - PA"
4,21713,"Harrisburg - PA"
4,22181,"DC West - DC"
4,22044,"DC West - DC"
4,22046,"DC West - DC"
4,22043,"DC West - DC"
4,75050,"Dallas Fort Worth Northwest - TX"
4,75038,"Dallas Fort Worth Northwest - TX"
4,76071,"Dallas Fort Worth Northwest - TX"
4,76148,"Dallas Fort Worth Northwest - TX"
4,78382,"Corpus Christi - TX"
4,78417,"Corpus Christi - TX"
4,78359,"Corpus Christi - TX"
4,60558,"Chicago South - IL"
4,60442,"Chicago South - IL"
4,60157,"Chicago South - IL"
4,60429,"Chicago South - IL"
4,60457,"Chicago South - IL"
4,60914,"Chicago South - IL"
4,60450,"Chicago South - IL"
4,60827,"Chicago South - IL"
4,60805,"Chicago South - IL"
4,60426,"Chicago South - IL"
4,60404,"Chicago South - IL"
4,60410,"Chicago South - IL"
4,60480,"Chicago South - IL"
4,61065,"Chicago North - IL"
4,60712,"Chicago North - IL"
4,14028,"Buffalo - NY"
4,14012,"Buffalo - NY"
4,02176,"Boston North Shore - MA"
4,01475,"Boston North Shore - MA"
4,01969,"Boston North Shore - MA"
4,01905,"Boston North Shore - MA"
4,02144,"Boston North Shore - MA"
4,01904,"Boston North Shore - MA"
4,01835,"Boston North Shore - MA"
4,61571,"Bloomington - IL"
4,61880,"Bloomington - IL"
4,61853,"Bloomington - IL"
4,61550,"Bloomington - IL"
4,61745,"Bloomington - IL"
4,70818,"Baton Rouge - LA"
4,70739,"Baton Rouge - LA"
4,70734,"Baton Rouge - LA"
4,70774,"Baton Rouge - LA"
4,70770,"Baton Rouge - LA"
4,12018,"Albany - NY"
4,12414,"Albany - NY"
4,12148,"Albany - NY"
4,12037,"Albany - NY"
3,12721,"Westchester - NY"
3,10526,"Westchester - NY"
3,10970,"Westchester - NY"
3,10552,"Westchester - NY"
3,10805,"Westchester - NY"
3,10514,"Westchester - NY"
3,10993,"Westchester - NY"
3,10706,"Westchester - NY"
3,12567,"Westchester - NY"
3,12575,"Westchester - NY"
3,12525,"Westchester - NY"
3,10709,"Westchester - NY"
3,10928,"Westchester - NY"
3,10530,"Westchester - NY"
3,10918,"Westchester - NY"
3,12542,"Westchester - NY"
3,10570,"Westchester - NY"
3,12514,"Westchester - NY"
3,10577,"Westchester - NY"
3,23457,"Virginia Beach - VA"
3,23523,"Virginia Beach - VA"
3,13120,"Syracuse - NY"
3,13060,"Syracuse - NY"
3,13308,"Syracuse - NY"
3,01610,"Providence - RI"
3,02045,"Providence - RI"
3,01602,"Providence - RI"
3,02894,"Providence - RI"
3,02494,"Providence - RI"
3,02744,"Providence - RI"
3,02770,"Providence - RI"
3,02030,"Providence - RI"
3,02644,"Providence - RI"
3,01536,"Providence - RI"
3,02702,"Providence - RI"
3,01516,"Providence - RI"
3,02725,"Providence - RI"
3,02465,"Providence - RI"
3,01605,"Providence - RI"
3,01756,"Providence - RI"
3,01520,"Providence - RI"
3,02343,"Providence - RI"
3,02460,"Providence - RI"
3,16117,"Pittsburgh - PA"
3,15204,"Pittsburgh - PA"
3,15223,"Pittsburgh - PA"
3,15626,"Pittsburgh - PA"
3,16105,"Pittsburgh - PA"
3,15644,"Pittsburgh - PA"
3,06069,"Oxford - CT"
3,06755,"Oxford - CT"
3,32736,"Orlando West - FL"
3,32735,"Orlando West - FL"
3,33897,"Orlando West - FL"
3,34743,"Orlando West - FL"
3,14081,"Orchard Park - NY"
3,70446,"Northshore - LA"
3,70455,"Northshore - LA"
3,23168,"Newport News - VA"
3,23837,"Newport News - VA"
3,08542,"New Jersey Central - NJ"
3,08553,"New Jersey Central - NJ"
3,08034,"New Jersey Central - NJ"
3,08805,"New Jersey Central - NJ"
3,08512,"New Jersey Central - NJ"
3,08551,"New Jersey Central - NJ"
3,08801,"New Jersey Central - NJ"
3,79741,"Midland - TX"
3,78560,"McAllen - TX"
3,78543,"McAllen - TX"
3,78559,"McAllen - TX"
3,03220,"Manchester - NH"
3,03865,"Manchester - NH"
3,03867,"Manchester - NH"
3,03046,"Manchester - NH"
3,03229,"Manchester - NH"
3,03033,"Manchester - NH"
3,03303,"Manchester - NH"
3,03856,"Manchester - NH"
3,03242,"Manchester - NH"
3,03840,"Manchester - NH"
3,03884,"Manchester - NH"
3,79316,"Lubbock - TX"
3,11932,"Long Island - NY"
3,11976,"Long Island - NY"
3,11749,"Long Island - NY"
3,11978,"Long Island - NY"
3,11716,"Long Island - NY"
3,11947,"Long Island - NY"
3,11362,"Long Island - NY"
3,11001,"Long Island - NY"
3,11740,"Long Island - NY"
3,11021,"Long Island - NY"
3,11732,"Long Island - NY"
3,11942,"Long Island - NY"
3,11786,"Long Island - NY"
3,70605,"Lafayette - LA"
3,06442,"Hartford - CT"
3,06249,"Hartford - CT"
3,06778,"Hartford - CT"
3,06472,"Hartford - CT"
3,06098,"Hartford - CT"
3,06089,"Hartford - CT"
3,06092,"Hartford - CT"
3,06105,"Hartford - CT"
3,06417,"Hartford - CT"
3,17353,"Harrisburg - PA"
3,21776,"Harrisburg - PA"
3,17309,"Harrisburg - PA"
3,17520,"Harrisburg - PA"
3,17579,"Harrisburg - PA"
3,17502,"Harrisburg - PA"
3,17584,"Harrisburg - PA"
3,21084,"Harrisburg - PA"
3,21057,"Harrisburg - PA"
3,17516,"Harrisburg - PA"
3,17347,"Harrisburg - PA"
3,17324,"Harrisburg - PA"
3,20117,"DC West - DC"
3,20120,"DC West - DC"
3,22182,"DC West - DC"
3,20132,"DC West - DC"
3,20190,"DC West - DC"
3,20187,"DC West - DC"
3,20141,"DC West - DC"
3,20124,"DC West - DC"
3,22151,"DC West - DC"
3,20135,"DC West - DC"
3,75061,"Dallas Fort Worth Northwest - TX"
3,75060,"Dallas Fort Worth Northwest - TX"
3,76180,"Dallas Fort Worth Northwest - TX"
3,75062,"Dallas Fort Worth Northwest - TX"
3,76135,"Dallas Fort Worth Northwest - TX"
3,76006,"Dallas Fort Worth Northwest - TX"
3,76118,"Dallas Fort Worth Northwest - TX"
3,77904,"Corpus Christi - TX"
3,78343,"Corpus Christi - TX"
3,60634,"Chicago South - IL"
3,60416,"Chicago South - IL"
3,60901,"Chicago South - IL"
3,60135,"Chicago South - IL"
3,60406,"Chicago South - IL"
3,60153,"Chicago South - IL"
3,60164,"Chicago South - IL"
3,60131,"Chicago South - IL"
3,60160,"Chicago South - IL"
3,60548,"Chicago South - IL"
3,60433,"Chicago South - IL"
3,60136,"Chicago North - IL"
3,61080,"Chicago North - IL"
3,61115,"Chicago North - IL"
3,61012,"Chicago North - IL"
3,60033,"Chicago North - IL"
3,61111,"Chicago North - IL"
3,61103,"Chicago North - IL"
3,60042,"Chicago North - IL"
3,60043,"Chicago North - IL"
3,60070,"Chicago North - IL"
3,01543,"Boston North Shore - MA"
3,01541,"Boston North Shore - MA"
3,01944,"Boston North Shore - MA"
3,01773,"Boston North Shore - MA"
3,01833,"Boston North Shore - MA"
3,01503,"Boston North Shore - MA"
3,01879,"Boston North Shore - MA"
3,02140,"Boston North Shore - MA"
3,01834,"Boston North Shore - MA"
3,61725,"Bloomington - IL"
3,61755,"Bloomington - IL"
3,61801,"Bloomington - IL"
3,61752,"Bloomington - IL"
3,61606,"Bloomington - IL"
3,61874,"Bloomington - IL"
3,70812,"Baton Rouge - LA"
3,70836,"Baton Rouge - LA"
3,12015,"Albany - NY"
3,12803,"Albany - NY"
3,12051,"Albany - NY"
3,12067,"Albany - NY"
3,12084,"Albany - NY"
3,12839,"Albany - NY"
3,12086,"Albany - NY"
3,12118,"Albany - NY"
3,12526,"Albany - NY"
3,12123,"Albany - NY"
3,12027,"Albany - NY"
2,10548,"Westchester - NY"
2,10523,"Westchester - NY"
2,12592,"Westchester - NY"
2,10916,"Westchester - NY"
2,10701,"Westchester - NY"
2,10958,"Westchester - NY"
2,12580,"Westchester - NY"
2,10927,"Westchester - NY"
2,12545,"Westchester - NY"
2,12443,"Westchester - NY"
2,10518,"Westchester - NY"
2,10547,"Westchester - NY"
2,12546,"Westchester - NY"
2,10964,"Westchester - NY"
2,10466,"Westchester - NY"
2,10930,"Westchester - NY"
2,10594,"Westchester - NY"
2,12501,"Westchester - NY"
2,10532,"Westchester - NY"
2,23517,"Virginia Beach - VA"
2,23510,"Virginia Beach - VA"
2,13409,"Syracuse - NY"
2,13424,"Syracuse - NY"
2,13163,"Syracuse - NY"
2,13114,"Syracuse - NY"
2,13074,"Syracuse - NY"
2,13476,"Syracuse - NY"
2,14544,"Rochester - NY"
2,14482,"Rochester - NY"
2,14485,"Rochester - NY"
2,14548,"Rochester - NY"
2,14506,"Rochester - NY"
2,14470,"Rochester - NY"
2,14614,"Rochester - NY"
2,14504,"Rochester - NY"
2,02134,"Providence - RI"
2,02532,"Providence - RI"
2,01566,"Providence - RI"
2,01603,"Providence - RI"
2,01529,"Providence - RI"
2,02052,"Providence - RI"
2,01550,"Providence - RI"
2,02375,"Providence - RI"
2,02563,"Providence - RI"
2,02118,"Providence - RI"
2,02191,"Providence - RI"
2,02881,"Providence - RI"
2,02715,"Providence - RI"
2,02054,"Providence - RI"
2,02536,"Providence - RI"
2,01505,"Providence - RI"
2,01535,"Providence - RI"
2,01571,"Providence - RI"
2,01609,"Providence - RI"
2,01607,"Providence - RI"
2,01770,"Providence - RI"
2,02025,"Providence - RI"
2,01521,"Providence - RI"
2,02538,"Providence - RI"
2,02631,"Providence - RI"
2,15632,"Pittsburgh - PA"
2,15027,"Pittsburgh - PA"
2,15076,"Pittsburgh - PA"
2,16150,"Pittsburgh - PA"
2,15225,"Pittsburgh - PA"
2,15613,"Pittsburgh - PA"
2,15144,"Pittsburgh - PA"
2,15207,"Pittsburgh - PA"
2,15056,"Pittsburgh - PA"
2,15342,"Pittsburgh - PA"
2,15363,"Pittsburgh - PA"
2,15132,"Pittsburgh - PA"
2,15330,"Pittsburgh - PA"
2,16146,"Pittsburgh - PA"
2,06750,"Oxford - CT"
2,06794,"Oxford - CT"
2,06901,"Oxford - CT"
2,32792,"Orlando West - FL"
2,33514,"Orlando West - FL"
2,33538,"Orlando West - FL"
2,32779,"Orlando West - FL"
2,33585,"Orlando West - FL"
2,34741,"Orlando West - FL"
2,34744,"Orlando West - FL"
2,32751,"Orlando West - FL"
2,34747,"Orlando West - FL"
2,14202,"Orchard Park - NY"
2,14033,"Orchard Park - NY"
2,14048,"Orchard Park - NY"
2,14080,"Orchard Park - NY"
2,14136,"Orchard Park - NY"
2,14203,"Orchard Park - NY"
2,14170,"Orchard Park - NY"
2,70437,"Northshore - LA"
2,23436,"Newport News - VA"
2,23898,"Newport News - VA"
2,23432,"Newport News - VA"
2,08904,"New Jersey Central - NJ"
2,08010,"New Jersey Central - NJ"
2,07090,"New Jersey Central - NJ"
2,08858,"New Jersey Central - NJ"
2,08865,"New Jersey Central - NJ"
2,08560,"New Jersey Central - NJ"
2,08530,"New Jersey Central - NJ"
2,07865,"New Jersey Central - NJ"
2,08515,"New Jersey Central - NJ"
2,07853,"New Jersey Central - NJ"
2,08052,"New Jersey Central - NJ"
2,08004,"New Jersey Central - NJ"
2,08804,"New Jersey Central - NJ"
2,08901,"New Jersey Central - NJ"
2,08867,"New Jersey Central - NJ"
2,08825,"New Jersey Central - NJ"
2,07924,"New Jersey Central - NJ"
2,07931,"New Jersey Central - NJ"
2,08829,"New Jersey Central - NJ"
2,08068,"New Jersey Central - NJ"
2,08848,"New Jersey Central - NJ"
2,08065,"New Jersey Central - NJ"
2,07069,"New Jersey Central - NJ"
2,08821,"New Jersey Central - NJ"
2,08854,"New Jersey Central - NJ"
2,08852,"New Jersey Central - NJ"
2,08009,"New Jersey Central - NJ"
2,07092,"New Jersey Central - NJ"
2,79712,"Midland - TX"
2,78538,"McAllen - TX"
2,78576,"McAllen - TX"
2,03857,"Manchester - NH"
2,03281,"Manchester - NH"
2,03825,"Manchester - NH"
2,03861,"Manchester - NH"
2,03835,"Manchester - NH"
2,03070,"Manchester - NH"
2,03844,"Manchester - NH"
2,03234,"Manchester - NH"
2,03823,"Manchester - NH"
2,03290,"Manchester - NH"
2,03269,"Manchester - NH"
2,11975,"Long Island - NY"
2,11020,"Long Island - NY"
2,11598,"Long Island - NY"
2,11724,"Long Island - NY"
2,11096,"Long Island - NY"
2,11941,"Long Island - NY"
2,11514,"Long Island - NY"
2,11559,"Long Island - NY"
2,11435,"Long Island - NY"
2,11426,"Long Island - NY"
2,11427,"Long Island - NY"
2,11955,"Long Island - NY"
2,11558,"Long Island - NY"
2,11960,"Long Island - NY"
2,11959,"Long Island - NY"
2,11565,"Long Island - NY"
2,11422,"Long Island - NY"
2,11507,"Long Island - NY"
2,11797,"Long Island - NY"
2,11796,"Long Island - NY"
2,11596,"Long Island - NY"
2,40507,"Lexington - KY"
2,40510,"Lexington - KY"
2,70647,"Lafayette - LA"
2,70611,"Lafayette - LA"
2,70607,"Lafayette - LA"
2,70525,"Lafayette - LA"
2,70669,"Lafayette - LA"
2,06030,"Hartford - CT"
2,06380,"Hartford - CT"
2,06232,"Hartford - CT"
2,06469,"Hartford - CT"
2,06444,"Hartford - CT"
2,06426,"Hartford - CT"
2,06238,"Hartford - CT"
2,06334,"Hartford - CT"
2,06254,"Hartford - CT"
2,06481,"Hartford - CT"
2,06791,"Hartford - CT"
2,21013,"Harrisburg - PA"
2,21795,"Harrisburg - PA"
2,17508,"Harrisburg - PA"
2,17304,"Harrisburg - PA"
2,21154,"Harrisburg - PA"
2,21791,"Harrisburg - PA"
2,17352,"Harrisburg - PA"
2,17344,"Harrisburg - PA"
2,21218,"Harrisburg - PA"
2,17214,"Harrisburg - PA"
2,21160,"Harrisburg - PA"
2,17034,"Harrisburg - PA"
2,17578,"Harrisburg - PA"
2,21702,"Harrisburg - PA"
2,22124,"DC West - DC"
2,20194,"DC West - DC"
2,22202,"DC West - DC"
2,22312,"DC West - DC"
2,20121,"DC West - DC"
2,22306,"DC West - DC"
2,22213,"DC West - DC"
2,20151,"DC West - DC"
2,20197,"DC West - DC"
2,76022,"Dallas Fort Worth Northwest - TX"
2,76120,"Dallas Fort Worth Northwest - TX"
2,75019,"Dallas Fort Worth Northwest - TX"
2,76111,"Dallas Fort Worth Northwest - TX"
2,75022,"Dallas Fort Worth Northwest - TX"
2,76164,"Dallas Fort Worth Northwest - TX"
2,75234,"Dallas Fort Worth Northwest - TX"
2,76011,"Dallas Fort Worth Northwest - TX"
2,76054,"Dallas Fort Worth Northwest - TX"
2,76040,"Dallas Fort Worth Northwest - TX"
2,76117,"Dallas Fort Worth Northwest - TX"
2,76112,"Dallas Fort Worth Northwest - TX"
2,77905,"Corpus Christi - TX"
2,78407,"Corpus Christi - TX"
2,60173,"Chicago South - IL"
2,60950,"Chicago South - IL"
2,60628,"Chicago South - IL"
2,60408,"Chicago South - IL"
2,60484,"Chicago South - IL"
2,60421,"Chicago South - IL"
2,60428,"Chicago South - IL"
2,60403,"Chicago South - IL"
2,60184,"Chicago South - IL"
2,60640,"Chicago North - IL"
2,60071,"Chicago North - IL"
2,60203,"Chicago North - IL"
2,60660,"Chicago North - IL"
2,60626,"Chicago North - IL"
2,61038,"Chicago North - IL"
2,60040,"Chicago North - IL"
2,14126,"Buffalo - NY"
2,14103,"Buffalo - NY"
2,14008,"Buffalo - NY"
2,01005,"Boston North Shore - MA"
2,01922,"Boston North Shore - MA"
2,01431,"Boston North Shore - MA"
2,01827,"Boston North Shore - MA"
2,01860,"Boston North Shore - MA"
2,02116,"Boston North Shore - MA"
2,01908,"Boston North Shore - MA"
2,01740,"Boston North Shore - MA"
2,01966,"Boston North Shore - MA"
2,02452,"Boston North Shore - MA"
2,01331,"Boston North Shore - MA"
2,01564,"Boston North Shore - MA"
2,01452,"Boston North Shore - MA"
2,01929,"Boston North Shore - MA"
2,01985,"Boston North Shore - MA"
2,61748,"Bloomington - IL"
2,61737,"Bloomington - IL"
2,61770,"Bloomington - IL"
2,61605,"Bloomington - IL"
2,61842,"Bloomington - IL"
2,61732,"Bloomington - IL"
2,70719,"Baton Rouge - LA"
2,70754,"Baton Rouge - LA"
2,70778,"Baton Rouge - LA"
2,70733,"Baton Rouge - LA"
2,70780,"Baton Rouge - LA"
2,70777,"Baton Rouge - LA"
2,12056,"Albany - NY"
2,12204,"Albany - NY"
2,12078,"Albany - NY"
2,12061,"Albany - NY"
2,12185,"Albany - NY"
2,12165,"Albany - NY"
2,12158,"Albany - NY"
2,12801,"Albany - NY"
2,12106,"Albany - NY"
1,12491,"Westchester - NY"
1,12547,"Westchester - NY"
1,10537,"Westchester - NY"
1,12549,"Westchester - NY"
1,10501,"Westchester - NY"
1,10976,"Westchester - NY"
1,10542,"Westchester - NY"
1,10921,"Westchester - NY"
1,10511,"Westchester - NY"
1,13518,"Westchester - NY"
1,12585,"Westchester - NY"
1,10975,"Westchester - NY"
1,12466,"Westchester - NY"
1,10987,"Westchester - NY"
1,12440,"Westchester - NY"
1,12498,"Westchester - NY"
1,12594,"Westchester - NY"
1,10519,"Westchester - NY"
1,12572,"Westchester - NY"
1,12493,"Westchester - NY"
1,10546,"Westchester - NY"
1,10595,"Westchester - NY"
1,12527,"Westchester - NY"
1,12577,"Westchester - NY"
1,12520,"Westchester - NY"
1,23507,"Virginia Beach - VA"
1,13153,"Syracuse - NY"
1,13121,"Syracuse - NY"
1,13490,"Syracuse - NY"
1,10369,"Syracuse - NY"
1,13159,"Syracuse - NY"
1,13316,"Syracuse - NY"
1,13456,"Syracuse - NY"
1,13202,"Syracuse - NY"
1,13157,"Syracuse - NY"
1,13156,"Syracuse - NY"
1,13201,"Syracuse - NY"
1,13480,"Syracuse - NY"
1,13142,"Syracuse - NY"
1,13034,"Syracuse - NY"
1,13440,"Syracuse - NY"
1,13028,"Syracuse - NY"
1,13112,"Syracuse - NY"
1,13110,"Syracuse - NY"
1,13131,"Syracuse - NY"
1,01373,"Springfield - MA"
1,14416,"Rochester - NY"
1,14511,"Rochester - NY"
1,14432,"Rochester - NY"
1,14480,"Rochester - NY"
1,14423,"Rochester - NY"
1,14435,"Rochester - NY"
1,14627,"Rochester - NY"
1,14475,"Rochester - NY"
1,14454,"Rochester - NY"
1,14507,"Rochester - NY"
1,14466,"Rochester - NY"
1,14512,"Rochester - NY"
1,02562,"Providence - RI"
1,02367,"Providence - RI"
1,02093,"Providence - RI"
1,33410,"Providence - RI"
1,02764,"Providence - RI"
1,02120,"Providence - RI"
1,01542,"Providence - RI"
1,02556,"Providence - RI"
1,02334,"Providence - RI"
1,02540,"Providence - RI"
1,02071,"Providence - RI"
1,01082,"Providence - RI"
1,01506,"Providence - RI"
1,02722,"Providence - RI"
1,02812,"Providence - RI"
1,01612,"Providence - RI"
1,02468,"Providence - RI"
1,02615,"Providence - RI"
1,01522,"Providence - RI"
1,01585,"Providence - RI"
1,02876,"Providence - RI"
1,02115,"Providence - RI"
1,02839,"Providence - RI"
1,02032,"Providence - RI"
1,02875,"Providence - RI"
1,02763,"Providence - RI"
1,02824,"Providence - RI"
1,02826,"Providence - RI"
1,02534,"Providence - RI"
1,02553,"Providence - RI"
1,02664,"Providence - RI"
1,02338,"Providence - RI"
1,01611,"Providence - RI"
1,02714,"Providence - RI"
1,15031,"Pittsburgh - PA"
1,16406,"Pittsburgh - PA"
1,16137,"Pittsburgh - PA"
1,15221,"Pittsburgh - PA"
1,15692,"Pittsburgh - PA"
1,15321,"Pittsburgh - PA"
1,16156,"Pittsburgh - PA"
1,15633,"Pittsburgh - PA"
1,16002,"Pittsburgh - PA"
1,16116,"Pittsburgh - PA"
1,16102,"Pittsburgh - PA"
1,16001,"Pittsburgh - PA"
1,15037,"Pittsburgh - PA"
1,15035,"Pittsburgh - PA"
1,15015,"Pittsburgh - PA"
1,16159,"Pittsburgh - PA"
1,15137,"Pittsburgh - PA"
1,15665,"Pittsburgh - PA"
1,16024,"Pittsburgh - PA"
1,32504,"Pensacola - FL"
1,32526,"Pensacola - FL"
1,36574,"Pensacola - FL"
1,06601,"Oxford - CT"
1,06676,"Oxford - CT"
1,06754,"Oxford - CT"
1,06545,"Oxford - CT"
1,06018,"Oxford - CT"
1,06740,"Oxford - CT"
1,060896,"Oxford - CT"
1,06785,"Oxford - CT"
1,06752,"Oxford - CT"
1,34762,"Orlando West - FL"
1,32810,"Orlando West - FL"
1,38837,"Orlando West - FL"
1,34734,"Orlando West - FL"
1,33896,"Orlando West - FL"
1,32811,"Orlando West - FL"
1,24746,"Orlando West - FL"
1,34756,"Orlando West - FL"
1,33521,"Orlando West - FL"
1,32708,"Orlando West - FL"
1,34797,"Orlando West - FL"
1,32805,"Orlando West - FL"
1,32812,"Orlando West - FL"
1,32195,"Orlando West - FL"
1,32839,"Orlando West - FL"
1,32789,"Orlando West - FL"
1,34705,"Orlando West - FL"
1,34480,"Orlando West - FL"
1,32771,"Orlando West - FL"
1,32798,"Orlando West - FL"
1,34758,"Orlando West - FL"
1,14139,"Orchard Park - NY"
1,14026,"Orchard Park - NY"
1,14091,"Orchard Park - NY"
1,14167,"Orchard Park - NY"
1,14070,"Orchard Park - NY"
1,14055,"Orchard Park - NY"
1,70711,"Northshore - LA"
1,70431,"Northshore - LA"
1,23315,"Newport News - VA"
1,23888,"Newport News - VA"
1,23690,"Newport News - VA"
1,23434-7106,"Newport News - VA"
1,23881,"Newport News - VA"
1,23706,"Newport News - VA"
1,23072,"Newport News - VA"
1,23062,"Newport News - VA"
1,23433,"Newport News - VA"
1,23866,"Newport News - VA"
1,07921,"New Jersey Central - NJ"
1,07062,"New Jersey Central - NJ"
1,08555,"New Jersey Central - NJ"
1,07060,"New Jersey Central - NJ"
1,08850,"New Jersey Central - NJ"
1,19007,"New Jersey Central - NJ"
1,07023,"New Jersey Central - NJ"
1,08554,"New Jersey Central - NJ"
1,07946,"New Jersey Central - NJ"
1,08869,"New Jersey Central - NJ"
1,07930,"New Jersey Central - NJ"
1,08802,"New Jersey Central - NJ"
1,08831,"New Jersey Central - NJ"
1,08817,"New Jersey Central - NJ"
1,08810,"New Jersey Central - NJ"
1,08015,"New Jersey Central - NJ"
1,08110,"New Jersey Central - NJ"
1,08611,"New Jersey Central - NJ"
1,08609,"New Jersey Central - NJ"
1,08109,"New Jersey Central - NJ"
1,08880,"New Jersey Central - NJ"
1,08809,"New Jersey Central - NJ"
1,08562,"New Jersey Central - NJ"
1,08019,"New Jersey Central - NJ"
1,08836,"New Jersey Central - NJ"
1,07979,"New Jersey Central - NJ"
1,08026,"New Jersey Central - NJ"
1,71763,"Midland - TX"
1,79720,"Midland - TX"
1,95404,"Midland - TX"
1,79726,"Midland - TX"
1,79760,"Midland - TX"
1,78763,"Midland - TX"
1,78535,"McAllen - TX"
1,78593,"McAllen - TX"
1,78595,"McAllen - TX"
1,03278,"Manchester - NH"
1,03258,"Manchester - NH"
1,03216,"Manchester - NH"
1,03842,"Manchester - NH"
1,03235,"Manchester - NH"
1,03263,"Manchester - NH"
1,03280,"Manchester - NH"
1,03839,"Manchester - NH"
1,03237,"Manchester - NH"
1,03244,"Manchester - NH"
1,03878,"Manchester - NH"
1,03253,"Manchester - NH"
1,03218,"Manchester - NH"
1,03461,"Manchester - NH"
1,03037,"Manchester - NH"
1,03307,"Manchester - NH"
1,03811,"Manchester - NH"
1,03869,"Manchester - NH"
1,03224,"Manchester - NH"
1,03048,"Manchester - NH"
1,03243,"Manchester - NH"
1,03249,"Manchester - NH"
1,03862,"Manchester - NH"
1,03083,"Manchester - NH"
1,79350,"Lubbock - TX"
1,789407,"Lubbock - TX"
1,11364,"Long Island - NY"
1,11366,"Long Island - NY"
1,11548,"Long Island - NY"
1,11931,"Long Island - NY"
1,11518,"Long Island - NY"
1,11357,"Long Island - NY"
1,11804,"Long Island - NY"
1,11365,"Long Island - NY"
1,11569,"Long Island - NY"
1,11076,"Long Island - NY"
1,11944,"Long Island - NY"
1,11516,"Long Island - NY"
1,11023,"Long Island - NY"
1,11972,"Long Island - NY"
1,11432,"Long Island - NY"
1,11765,"Long Island - NY"
1,11957,"Long Island - NY"
1,11739,"Long Island - NY"
1,11363,"Long Island - NY"
1,11948,"Long Island - NY"
1,11958,"Long Island - NY"
1,11428,"Long Island - NY"
1,40348,"Lexington - KY"
1,40370,"Lexington - KY"
1,43042,"Lexington - KY"
1,40379,"Lexington - KY"
1,40360,"Lexington - KY"
1,40506,"Lexington - KY"
1,40385,"Lexington - KY"
1,70663,"Lafayette - LA"
1,70591,"Lafayette - LA"
1,70546,"Lafayette - LA"
1,70526,"Lafayette - LA"
1,06503,"Hartford - CT"
1,06023,"Hartford - CT"
1,06359,"Hartford - CT"
1,06063,"Hartford - CT"
1,06330,"Hartford - CT"
1,06438,"Hartford - CT"
1,06226,"Hartford - CT"
1,06149,"Hartford - CT"
1,06780,"Hartford - CT"
1,06120,"Hartford - CT"
1,06057,"Hartford - CT"
1,06060,"Hartford - CT"
1,17041,"Harrisburg - PA"
1,17130,"Harrisburg - PA"
1,21757,"Harrisburg - PA"
1,21152,"Harrisburg - PA"
1,21798,"Harrisburg - PA"
1,10750,"Harrisburg - PA"
1,17093,"Harrisburg - PA"
1,17026,"Harrisburg - PA"
1,17088,"Harrisburg - PA"
1,17501,"Harrisburg - PA"
1,17318,"Harrisburg - PA"
1,21722,"Harrisburg - PA"
1,17314,"Harrisburg - PA"
1,17505,"Harrisburg - PA"
1,21220,"Harrisburg - PA"
1,17572,"Harrisburg - PA"
1,21155,"Harrisburg - PA"
1,17252,"Harrisburg - PA"
1,17560,"Harrisburg - PA"
1,17329,"Harrisburg - PA"
1,21733,"Harrisburg - PA"
1,21133,"Harrisburg - PA"
1,21204,"Harrisburg - PA"
1,21767,"Harrisburg - PA"
1,21053,"Harrisburg - PA"
1,21087,"Harrisburg - PA"
1,17565,"Harrisburg - PA"
1,21774,"Harrisburg - PA"
1,21132,"Harrisburg - PA"
1,17535,"Harrisburg - PA"
1,17236,"Harrisburg - PA"
1,17105,"Harrisburg - PA"
1,20143,"DC West - DC"
1,22311,"DC West - DC"
1,16127,"DC West - DC"
1,22305,"DC West - DC"
1,22301,"DC West - DC"
1,22006,"DC West - DC"
1,20119,"DC West - DC"
1,22041,"DC West - DC"
1,22307,"DC West - DC"
1,22191,"DC West - DC"
1,22304,"DC West - DC"
1,20198,"DC West - DC"
1,22079,"DC West - DC"
1,22204,"DC West - DC"
1,22308,"DC West - DC"
1,22033,"DC West - DC"
1,22314,"DC West - DC"
1,76014,"Dallas Fort Worth Northwest - TX"
1,76103,"Dallas Fort Worth Northwest - TX"
1,76205,"Dallas Fort Worth Northwest - TX"
1,75051,"Dallas Fort Worth Northwest - TX"
1,76210,"Dallas Fort Worth Northwest - TX"
1,75039,"Dallas Fort Worth Northwest - TX"
1,76104,"Dallas Fort Worth Northwest - TX"
1,76005,"Dallas Fort Worth Northwest - TX"
1,78441,"Corpus Christi - TX"
1,78401,"Corpus Christi - TX"
1,77968,"Corpus Christi - TX"
1,78358,"Corpus Christi - TX"
1,77951,"Corpus Christi - TX"
1,60513,"Chicago South - IL"
1,60526,"Chicago South - IL"
1,60455,"Chicago South - IL"
1,60216,"Chicago South - IL"
1,60162,"Chicago South - IL"
1,60520,"Chicago South - IL"
1,60482,"Chicago South - IL"
1,60472,"Chicago South - IL"
1,60147,"Chicago South - IL"
1,60458,"Chicago South - IL"
1,60545,"Chicago South - IL"
1,60511,"Chicago South - IL"
1,60637,"Chicago South - IL"
1,60163,"Chicago South - IL"
1,60803,"Chicago South - IL"
1,60104,"Chicago South - IL"
1,60915,"Chicago South - IL"
1,60418,"Chicago South - IL"
1,60176,"Chicago South - IL"
1,60425,"Chicago South - IL"
1,60461,"Chicago South - IL"
1,60657,"Chicago North - IL"
1,60034,"Chicago North - IL"
1,61104,"Chicago North - IL"
1,60180,"Chicago North - IL"
1,60029,"Chicago North - IL"
1,61101,"Chicago North - IL"
1,61072,"Chicago North - IL"
1,60145,"Chicago North - IL"
1,60072,"Chicago North - IL"
1,12604,"Buffalo - NY"
1,14303,"Buffalo - NY"
1,14145,"Buffalo - NY"
1,02114,"Boston North Shore - MA"
1,01434,"Boston North Shore - MA"
1,01468,"Boston North Shore - MA"
1,02109,"Boston North Shore - MA"
1,01366,"Boston North Shore - MA"
1,01640,"Boston North Shore - MA"
1,01474,"Boston North Shore - MA"
1,09122,"Boston North Shore - MA"
1,61530,"Bloomington - IL"
1,61735,"Bloomington - IL"
1,61523,"Bloomington - IL"
1,61851,"Bloomington - IL"
1,61561,"Bloomington - IL"
1,61854,"Bloomington - IL"
1,61864,"Bloomington - IL"
1,61554,"Bloomington - IL"
1,61733,"Bloomington - IL"
1,61875,"Bloomington - IL"
1,70449,"Baton Rouge - LA"
1,70744,"Baton Rouge - LA"
1,70721,"Baton Rouge - LA"
1,12022,"Albany - NY"
1,12477,"Albany - NY"
1,12041,"Albany - NY"
1,12196,"Albany - NY"
1,12092,"Albany - NY"
1,12043,"Albany - NY"
1,12087,"Albany - NY"
1,12058,"Albany - NY"
1,12075,"Albany - NY"
1,12451,"Albany - NY"
1,12871,"Albany - NY"
1,12029,"Albany - NY"
1,12865,"Albany - NY"
1,12157,"Albany - NY"
1,12074,"Albany - NY"
1,12033,"Albany - NY"
1,12850,"Albany - NY"
1,12160,"Albany - NY"
1,12114,"Albany - NY"
1,12583,"Albany - NY"
1,12828,"Albany - NY"
1,12062,"Albany - NY"
1,12849,"Albany - NY"
1,12845,"Albany - NY"
1,12094,"Albany - NY"
1,12070,"Albany - NY"
1,12410,"Albany - NY"
1,12140,"Albany - NY"
1,12834,"Albany - NY"
1,12059,"Albany - NY"
1,12068,"Albany - NY"
